{
  "configVersion": 2,
  "packages": [
    {
      "name": "archive",
      "rootUri": "file:///C:/src/flutter/.pub-cache/hosted/pub.dartlang.org/archive-3.1.2",
      "packageUri": "lib/",
      "languageVersion": "2.12"
    },
    {
      "name": "args",
      "rootUri": "file:///C:/src/flutter/.pub-cache/hosted/pub.dartlang.org/args-2.2.0",
      "packageUri": "lib/",
      "languageVersion": "2.12"
    },
    {
      "name": "async",
      "rootUri": "file:///C:/src/flutter/.pub-cache/hosted/pub.dartlang.org/async-2.6.1",
      "packageUri": "lib/",
      "languageVersion": "2.12"
    },
    {
      "name": "avatar_glow",
      "rootUri": "file:///C:/src/flutter/.pub-cache/hosted/pub.dartlang.org/avatar_glow-2.0.1",
      "packageUri": "lib/",
      "languageVersion": "2.12"
    },
    {
      "name": "boolean_selector",
      "rootUri": "file:///C:/src/flutter/.pub-cache/hosted/pub.dartlang.org/boolean_selector-2.1.0",
      "packageUri": "lib/",
      "languageVersion": "2.12"
    },
    {
      "name": "characters",
      "rootUri": "file:///C:/src/flutter/.pub-cache/hosted/pub.dartlang.org/characters-1.1.0",
      "packageUri": "lib/",
      "languageVersion": "2.12"
    },
    {
      "name": "charcode",
      "rootUri": "file:///C:/src/flutter/.pub-cache/hosted/pub.dartlang.org/charcode-1.2.0",
      "packageUri": "lib/",
      "languageVersion": "2.12"
    },
    {
      "name": "clock",
      "rootUri": "file:///C:/src/flutter/.pub-cache/hosted/pub.dartlang.org/clock-1.1.0",
      "packageUri": "lib/",
      "languageVersion": "2.12"
    },
    {
      "name": "collection",
      "rootUri": "file:///C:/src/flutter/.pub-cache/hosted/pub.dartlang.org/collection-1.15.0",
      "packageUri": "lib/",
      "languageVersion": "2.12"
    },
    {
      "name": "crypto",
      "rootUri": "file:///C:/src/flutter/.pub-cache/hosted/pub.dartlang.org/crypto-3.0.1",
      "packageUri": "lib/",
      "languageVersion": "2.12"
    },
    {
      "name": "cupertino_icons",
      "rootUri": "file:///C:/src/flutter/.pub-cache/hosted/pub.dartlang.org/cupertino_icons-1.0.3",
      "packageUri": "lib/",
      "languageVersion": "2.12"
    },
    {
      "name": "dio",
      "rootUri": "file:///C:/src/flutter/.pub-cache/hosted/pub.dartlang.org/dio-4.0.0",
      "packageUri": "lib/",
      "languageVersion": "2.12"
    },
    {
      "name": "fake_async",
      "rootUri": "file:///C:/src/flutter/.pub-cache/hosted/pub.dartlang.org/fake_async-1.2.0",
      "packageUri": "lib/",
      "languageVersion": "2.12"
    },
    {
      "name": "ffi",
      "rootUri": "file:///C:/src/flutter/.pub-cache/hosted/pub.dartlang.org/ffi-1.1.2",
      "packageUri": "lib/",
      "languageVersion": "2.12"
    },
    {
      "name": "flutter",
      "rootUri": "file:///C:/src/flutter/packages/flutter",
      "packageUri": "lib/",
      "languageVersion": "2.12"
    },
    {
      "name": "flutter_launcher_icons",
      "rootUri": "file:///C:/src/flutter/.pub-cache/hosted/pub.dartlang.org/flutter_launcher_icons-0.9.1",
      "packageUri": "lib/",
      "languageVersion": "2.12"
    },
    {
      "name": "flutter_native_splash",
      "rootUri": "file:///C:/src/flutter/.pub-cache/hosted/pub.dartlang.org/flutter_native_splash-1.2.1",
      "packageUri": "lib/",
      "languageVersion": "2.12"
    },
    {
      "name": "flutter_test",
      "rootUri": "file:///C:/src/flutter/packages/flutter_test",
      "packageUri": "lib/",
      "languageVersion": "2.12"
    },
    {
      "name": "flutter_tts",
      "rootUri": "file:///C:/src/flutter/.pub-cache/hosted/pub.dartlang.org/flutter_tts-3.2.2",
      "packageUri": "lib/",
      "languageVersion": "2.12"
    },
    {
      "name": "flutter_web_plugins",
      "rootUri": "file:///C:/src/flutter/packages/flutter_web_plugins",
      "packageUri": "lib/",
      "languageVersion": "2.12"
    },
    {
      "name": "http",
      "rootUri": "file:///C:/src/flutter/.pub-cache/hosted/pub.dartlang.org/http-0.13.3",
      "packageUri": "lib/",
      "languageVersion": "2.12"
    },
    {
      "name": "http_parser",
      "rootUri": "file:///C:/src/flutter/.pub-cache/hosted/pub.dartlang.org/http_parser-4.0.0",
      "packageUri": "lib/",
      "languageVersion": "2.12"
    },
    {
      "name": "ibm_watson_assistant",
      "rootUri": "file:///C:/src/flutter/.pub-cache/hosted/pub.dartlang.org/ibm_watson_assistant-1.2.0",
      "packageUri": "lib/",
      "languageVersion": "2.12"
    },
    {
      "name": "image",
      "rootUri": "file:///C:/src/flutter/.pub-cache/hosted/pub.dartlang.org/image-3.0.2",
      "packageUri": "lib/",
      "languageVersion": "2.12"
    },
    {
      "name": "js",
      "rootUri": "file:///C:/src/flutter/.pub-cache/hosted/pub.dartlang.org/js-0.6.3",
      "packageUri": "lib/",
      "languageVersion": "2.12"
    },
    {
      "name": "json_annotation",
      "rootUri": "file:///C:/src/flutter/.pub-cache/hosted/pub.dartlang.org/json_annotation-4.0.1",
      "packageUri": "lib/",
      "languageVersion": "2.12"
    },
    {
      "name": "matcher",
      "rootUri": "file:///C:/src/flutter/.pub-cache/hosted/pub.dartlang.org/matcher-0.12.10",
      "packageUri": "lib/",
      "languageVersion": "2.12"
    },
    {
      "name": "meta",
      "rootUri": "file:///C:/src/flutter/.pub-cache/hosted/pub.dartlang.org/meta-1.3.0",
      "packageUri": "lib/",
      "languageVersion": "2.12"
    },
    {
      "name": "package_info_plus",
      "rootUri": "file:///C:/src/flutter/.pub-cache/hosted/pub.dartlang.org/package_info_plus-1.0.4",
      "packageUri": "lib/",
      "languageVersion": "2.12"
    },
    {
      "name": "package_info_plus_linux",
      "rootUri": "file:///C:/src/flutter/.pub-cache/hosted/pub.dartlang.org/package_info_plus_linux-1.0.3",
      "packageUri": "lib/",
      "languageVersion": "2.12"
    },
    {
      "name": "package_info_plus_macos",
      "rootUri": "file:///C:/src/flutter/.pub-cache/hosted/pub.dartlang.org/package_info_plus_macos-1.1.1",
      "packageUri": "lib/",
      "languageVersion": "2.12"
    },
    {
      "name": "package_info_plus_platform_interface",
      "rootUri": "file:///C:/src/flutter/.pub-cache/hosted/pub.dartlang.org/package_info_plus_platform_interface-1.0.2",
      "packageUri": "lib/",
      "languageVersion": "2.12"
    },
    {
      "name": "package_info_plus_web",
      "rootUri": "file:///C:/src/flutter/.pub-cache/hosted/pub.dartlang.org/package_info_plus_web-1.0.3",
      "packageUri": "lib/",
      "languageVersion": "2.12"
    },
    {
      "name": "package_info_plus_windows",
      "rootUri": "file:///C:/src/flutter/.pub-cache/hosted/pub.dartlang.org/package_info_plus_windows-1.0.3",
      "packageUri": "lib/",
      "languageVersion": "2.12"
    },
    {
      "name": "path",
      "rootUri": "file:///C:/src/flutter/.pub-cache/hosted/pub.dartlang.org/path-1.8.0",
      "packageUri": "lib/",
      "languageVersion": "2.12"
    },
    {
      "name": "pedantic",
      "rootUri": "file:///C:/src/flutter/.pub-cache/hosted/pub.dartlang.org/pedantic-1.11.1",
      "packageUri": "lib/",
      "languageVersion": "2.12"
    },
    {
      "name": "permission_handler",
      "rootUri": "file:///C:/src/flutter/.pub-cache/hosted/pub.dartlang.org/permission_handler-8.1.4+2",
      "packageUri": "lib/",
      "languageVersion": "2.12"
    },
    {
      "name": "permission_handler_platform_interface",
      "rootUri": "file:///C:/src/flutter/.pub-cache/hosted/pub.dartlang.org/permission_handler_platform_interface-3.6.1",
      "packageUri": "lib/",
      "languageVersion": "2.12"
    },
    {
      "name": "petitparser",
      "rootUri": "file:///C:/src/flutter/.pub-cache/hosted/pub.dartlang.org/petitparser-4.1.0",
      "packageUri": "lib/",
      "languageVersion": "2.12"
    },
    {
      "name": "plugin_platform_interface",
      "rootUri": "file:///C:/src/flutter/.pub-cache/hosted/pub.dartlang.org/plugin_platform_interface-2.0.1",
      "packageUri": "lib/",
      "languageVersion": "2.12"
    },
    {
      "name": "sentry",
      "rootUri": "file:///C:/src/flutter/.pub-cache/hosted/pub.dartlang.org/sentry-5.1.0",
      "packageUri": "lib/",
      "languageVersion": "2.12"
    },
    {
      "name": "sentry_flutter",
      "rootUri": "file:///C:/src/flutter/.pub-cache/hosted/pub.dartlang.org/sentry_flutter-5.1.0",
      "packageUri": "lib/",
      "languageVersion": "2.12"
    },
    {
      "name": "sky_engine",
      "rootUri": "file:///C:/src/flutter/bin/cache/pkg/sky_engine",
      "packageUri": "lib/",
      "languageVersion": "2.12"
    },
    {
      "name": "source_span",
      "rootUri": "file:///C:/src/flutter/.pub-cache/hosted/pub.dartlang.org/source_span-1.8.1",
      "packageUri": "lib/",
      "languageVersion": "2.12"
    },
    {
      "name": "speech_to_text",
      "rootUri": "file:///C:/src/flutter/.pub-cache/hosted/pub.dartlang.org/speech_to_text-4.2.2",
      "packageUri": "lib/",
      "languageVersion": "2.12"
    },
    {
      "name": "speech_to_text_platform_interface",
      "rootUri": "file:///C:/src/flutter/.pub-cache/hosted/pub.dartlang.org/speech_to_text_platform_interface-2.0.1",
      "packageUri": "lib/",
      "languageVersion": "2.12"
    },
    {
      "name": "stack_trace",
      "rootUri": "file:///C:/src/flutter/.pub-cache/hosted/pub.dartlang.org/stack_trace-1.10.0",
      "packageUri": "lib/",
      "languageVersion": "2.12"
    },
    {
      "name": "stream_channel",
      "rootUri": "file:///C:/src/flutter/.pub-cache/hosted/pub.dartlang.org/stream_channel-2.1.0",
      "packageUri": "lib/",
      "languageVersion": "2.12"
    },
    {
      "name": "string_scanner",
      "rootUri": "file:///C:/src/flutter/.pub-cache/hosted/pub.dartlang.org/string_scanner-1.1.0",
      "packageUri": "lib/",
      "languageVersion": "2.12"
    },
    {
      "name": "term_glyph",
      "rootUri": "file:///C:/src/flutter/.pub-cache/hosted/pub.dartlang.org/term_glyph-1.2.0",
      "packageUri": "lib/",
      "languageVersion": "2.12"
    },
    {
      "name": "test_api",
      "rootUri": "file:///C:/src/flutter/.pub-cache/hosted/pub.dartlang.org/test_api-0.3.0",
      "packageUri": "lib/",
      "languageVersion": "2.12"
    },
    {
      "name": "typed_data",
      "rootUri": "file:///C:/src/flutter/.pub-cache/hosted/pub.dartlang.org/typed_data-1.3.0",
      "packageUri": "lib/",
      "languageVersion": "2.12"
    },
    {
      "name": "universal_io",
      "rootUri": "file:///C:/src/flutter/.pub-cache/hosted/pub.dartlang.org/universal_io-2.0.4",
      "packageUri": "lib/",
      "languageVersion": "2.12"
    },
    {
      "name": "uuid",
      "rootUri": "file:///C:/src/flutter/.pub-cache/hosted/pub.dartlang.org/uuid-3.0.4",
      "packageUri": "lib/",
      "languageVersion": "2.12"
    },
    {
      "name": "vector_math",
      "rootUri": "file:///C:/src/flutter/.pub-cache/hosted/pub.dartlang.org/vector_math-2.1.0",
      "packageUri": "lib/",
      "languageVersion": "2.12"
    },
    {
      "name": "win32",
      "rootUri": "file:///C:/src/flutter/.pub-cache/hosted/pub.dartlang.org/win32-2.2.5",
      "packageUri": "lib/",
      "languageVersion": "2.13"
    },
    {
      "name": "xml",
      "rootUri": "file:///C:/src/flutter/.pub-cache/hosted/pub.dartlang.org/xml-5.1.2",
      "packageUri": "lib/",
      "languageVersion": "2.12"
    },
    {
      "name": "yaml",
      "rootUri": "file:///C:/src/flutter/.pub-cache/hosted/pub.dartlang.org/yaml-3.1.0",
      "packageUri": "lib/",
      "languageVersion": "2.12"
    },
    {
      "name": "smarty_chatbot",
      "rootUri": "../",
      "packageUri": "lib/",
      "languageVersion": "2.12"
    }
  ],
  "generated": "2021-08-15T07:49:42.794144Z",
  "generator": "pub",
  "generatorVersion": "2.13.4"
}
